"id","url","path","silo","hub","content_role","primary_keyword","intent","target_min_words","target_max_words","priority","production_status","content_brief","internal_link_targets","source_policy","actual_word_count","expansion_status","factory_status","repair_attempts","published_at","seo_score"
"SEO-001","https://app.rentbikehanoi.com/","index.html","Commercial Core","Homepage","ROOT_HUB","hanoi motorbike rental","Transactional / Commercial","1800","2500","P0","EXPAND_CURRENT","Homepage owns the primary money keyword. Expand with concise service, model, pricing, location, trust and FAQ-support sections without duplicating child hubs.","/hanoi-motorbike-rental/;/hanoi-motorbike-rental-cost/;/hanoi-scooter-rental/;/hanoi-50cc-motorbike-rental/;/faq/","VERIFIED_BUSINESS_ONLY","1793","BASELINE_EXPANDED","PUBLISHED","0","2026-10-06",""
"SEO-002","https://app.rentbikehanoi.com/hanoi-motorbike-rental/","hanoi-motorbike-rental/index.html","Rentals","Hanoi Motorbike Rental Guide","HUB","hanoi motorbike rental guide","Commercial investigation / Informational","2200","3200","P0","EXPAND_CURRENT","Main rental guide hub. Must stay distinct from homepage and route users to model, price, monthly, area and how-to clusters.","/;/hanoi-motorbike-rental/how-to-rent-a-motorbike-in-hanoi/;/hanoi-motorbike-rental-cost/;/hanoi-scooter-rental/;/hanoi-50cc-motorbike-rental/","VERIFIED_BUSINESS_ONLY","1962","BASELINE_EXPANDED","PUBLISHED","0","2026-10-06",""
"SEO-003","https://app.rentbikehanoi.com/hanoi-motorbike-rental/how-to-rent-a-motorbike-in-hanoi/","hanoi-motorbike-rental/how-to-rent-a-motorbike-in-hanoi/index.html","Rentals","Hanoi Motorbike Rental Guide","CLUSTER","how to rent a motorbike in hanoi","Informational","1800","2600","P1","EXPAND_CURRENT","Step-by-step rental process article. Explain decisions and checks without inventing deposit, license or delivery policy.","/hanoi-motorbike-rental/;/hanoi-motorbike-rental-cost/;/faq/;/motorbike-guides/","VERIFIED_BUSINESS_PLUS_CAUTIOUS_GUIDANCE","1548","BASELINE_EXPANDED","PUBLISHED","0","2026-10-06",""
"SEO-004","https://app.rentbikehanoi.com/hanoi-50cc-motorbike-rental/","hanoi-50cc-motorbike-rental/index.html","50cc Rental","50cc Motorbike Rental","HUB","50cc motorbike rental hanoi","Transactional / Commercial investigation","1800","2600","P1","EXPAND_CURRENT","50cc hub. Keep verified 200,000 VND/day and avoid inventing weekly/monthly prices or legal guarantees.","/hanoi-motorbike-rental/;/hanoi-motorbike-rental-cost/;/hanoi-scooter-rental/;/faq/","VERIFIED_BUSINESS_PLUS_OFFICIAL_LEGAL_IF_NEEDED","1549","BASELINE_EXPANDED","PUBLISHED","0","2026-10-06",""
"SEO-005","https://app.rentbikehanoi.com/hanoi-scooter-rental/","hanoi-scooter-rental/index.html","Scooter Rental","Hanoi Scooter Rental","HUB","hanoi scooter rental","Transactional / Commercial investigation","1800","2600","P1","EXPAND_CURRENT","Automatic scooter hub focused on model fit and verified prices; do not duplicate full price hub.","/hanoi-motorbike-rental/;/hanoi-motorbike-rental-cost/;/monthly-motorbike-rental-hanoi/;/faq/","VERIFIED_BUSINESS_ONLY","1639","BASELINE_EXPANDED","PUBLISHED","0","2026-10-06",""
"SEO-006","https://app.rentbikehanoi.com/hanoi-motorbike-rental-cost/","hanoi-motorbike-rental-cost/index.html","Pricing","Rental Cost & Prices","HUB","hanoi motorbike rental cost","Commercial investigation","1800","2400","P0","EXPAND_CURRENT","Price source-of-truth hub. Keep one verified table and explain daily/weekly/monthly comparison.","/hanoi-motorbike-rental/;/monthly-motorbike-rental-hanoi/;/hanoi-50cc-motorbike-rental/;/hanoi-scooter-rental/;/faq/","VERIFIED_BUSINESS_ONLY","1581","BASELINE_EXPANDED","PUBLISHED","0","2026-10-06",""
"SEO-007","https://app.rentbikehanoi.com/hanoi-motorbike-rental-cost/honda-vision-rental-price-hanoi/","hanoi-motorbike-rental-cost/honda-vision-rental-price-hanoi/index.html","Pricing","Rental Cost & Prices","CLUSTER","honda vision rental price hanoi","Commercial investigation","1500","2200","P2","EXPAND_CURRENT","Model price cluster. Focus on Honda Vision price, use cases and comparison without duplicating all scooter content.","/hanoi-motorbike-rental-cost/;/hanoi-scooter-rental/;/monthly-motorbike-rental-hanoi/;/faq/","VERIFIED_BUSINESS_ONLY","1491","BASELINE_EXPANDED","PUBLISHED","0","2026-10-06",""
"SEO-008","https://app.rentbikehanoi.com/monthly-motorbike-rental-hanoi/","monthly-motorbike-rental-hanoi/index.html","Long-Term Rental","Monthly Rental","HUB","monthly motorbike rental hanoi","Transactional / Commercial investigation","1800","2600","P1","EXPAND_CURRENT","Long-term rental hub. Explain model choices, verified monthly prices and planning without inventing service terms.","/hanoi-motorbike-rental/;/hanoi-motorbike-rental-cost/;/hanoi-scooter-rental/;/faq/","VERIFIED_BUSINESS_ONLY","1558","BASELINE_EXPANDED","PUBLISHED","0","2026-10-06",""
"SEO-009","https://app.rentbikehanoi.com/motorbike-rental-hanoi-old-quarter/","motorbike-rental-hanoi-old-quarter/index.html","Local Areas","Old Quarter & Areas","HUB","motorbike rental hanoi old quarter","Local commercial investigation","1800","2600","P1","EXPAND_CURRENT","Local area hub. Clarify Long Bien pickup, Old Quarter access, parking and city-use planning; no delivery promises.","/hanoi-motorbike-rental/;/hanoi-scooter-rental/;/hanoi-motorbike-rental-cost/;/faq/","VERIFIED_BUSINESS_PLUS_CAUTIOUS_LOCAL_GUIDANCE","1605","BASELINE_EXPANDED","PUBLISHED","0","2026-10-06",""
"SEO-010","https://app.rentbikehanoi.com/hanoi-motorbike-trips/","hanoi-motorbike-trips/index.html","Trips & Travel","Hanoi Motorbike Trips","HUB","hanoi motorbike trips","Informational / Commercial assist","2200","3500","P1","EXPAND_CURRENT","Travel hub. Build route-planning sections and later distinct destination clusters; avoid hard claims that require live road data.","/hanoi-motorbike-rental/;/motorbike-guides/;/renting-a-motorbike-in-vietnam/;/faq/","GENERAL_GUIDANCE_CURRENT_CHECKS_REQUIRED","1800","BASELINE_EXPANDED","PUBLISHED","0","2026-10-06",""
"SEO-011","https://app.rentbikehanoi.com/motorbike-guides/","motorbike-guides/index.html","Guides","Motorbike Guides","HUB","motorbike guides hanoi vietnam","Informational","2200","3500","P1","EXPAND_CURRENT","Safety, parking, fuel and maintenance hub. Keep advice practical and non-legal; use official sources for future legal claims.","/renting-a-motorbike-in-vietnam/;/hanoi-motorbike-trips/;/hanoi-motorbike-rental/;/faq/","GENERAL_GUIDANCE_OFFICIAL_IF_LEGAL","1589","BASELINE_EXPANDED","PUBLISHED","0","2026-10-06",""
"SEO-012","https://app.rentbikehanoi.com/renting-a-motorbike-in-vietnam/","renting-a-motorbike-in-vietnam/index.html","Vietnam Rental Guide","Renting in Vietnam","HUB","renting a motorbike in vietnam","Informational","2500","4000","P1","EXPAND_CURRENT","Broad national guide. Expand planning, rental process, checks and safety; legal/licensing claims require current official sources.","/hanoi-motorbike-rental/;/motorbike-guides/;/hanoi-motorbike-rental-cost/;/faq/","OFFICIAL_IF_LEGAL_OTHERWISE_GENERAL_GUIDANCE","2154","BASELINE_EXPANDED","PUBLISHED","0","2026-10-06",""
"SEO-013","https://app.rentbikehanoi.com/hanoi-motorbike-for-sale/","hanoi-motorbike-for-sale/index.html","Buying vs Renting","Buying vs Renting","HUB","hanoi motorbike for sale","Informational comparison","1800","2600","P2","EXPAND_CURRENT","Comparison guide only. Never imply verified bikes for sale; compare ownership burden versus rental flexibility.","/monthly-motorbike-rental-hanoi/;/hanoi-motorbike-rental-cost/;/hanoi-motorbike-rental/;/faq/","GENERAL_COMPARISON_NO_SALES_CLAIMS","1619","BASELINE_EXPANDED","PUBLISHED","0","2026-10-06",""
"SEO-014","https://app.rentbikehanoi.com/faq/","faq/index.html","FAQ / AI Search","FAQ","ANSWER_HUB","hanoi motorbike rental faq","Informational / Answer engine","2200","3500","P0","HOLD_STRONG","Answer engine page. Keep concise factual answers synchronized with verified business data.","/hanoi-motorbike-rental/;/hanoi-50cc-motorbike-rental/;/hanoi-motorbike-rental-cost/;/monthly-motorbike-rental-hanoi/;/hanoi-motorbike-trips/","VERIFIED_BUSINESS_ONLY","2194","HOLD_STRONG","PUBLISHED","0","2026-10-06",""
"SEO-015","https://app.rentbikehanoi.com/privacy-policy.html","privacy-policy.html","Legal","Company","LEGAL","privacy policy","Navigational / Trust","200","800","P3","HOLD_LEGAL","Do not pad legal content for word count. Update only when privacy practices change.","/terms-of-use.html;/faq/;/hanoi-motorbike-rental/;/#contact","LEGAL_ACCURACY_FIRST","215","HOLD_LEGAL","EXCLUDED","0","",""
"SEO-016","https://app.rentbikehanoi.com/terms-of-use.html","terms-of-use.html","Legal","Company","LEGAL","terms of use","Navigational / Trust","200","800","P3","HOLD_LEGAL","Do not pad legal content for word count. Update only when website or rental terms change.","/privacy-policy.html;/faq/;/hanoi-motorbike-rental-cost/;/#contact","LEGAL_ACCURACY_FIRST","180","HOLD_LEGAL","EXCLUDED","0","",""
"SEO-017","https://app.rentbikehanoi.com/hanoi-motorbike-rental-cost/honda-wave-rental-price-hanoi/","hanoi-motorbike-rental-cost/honda-wave-rental-price-hanoi/index.html","Pricing","Rental Cost & Prices","CLUSTER","honda wave rental price hanoi","Commercial investigation","1600","2600","P1","PUBLISHED","Verified Honda Wave price cluster: 150,000 VND/day, 700,000 VND/week, 900,000-1,200,000 VND/month. Cover semi-automatic riding, period comparisons and rider fit; never invent availability, deposits or policies.","/hanoi-motorbike-rental-cost/;/hanoi-motorbike-rental/;/monthly-motorbike-rental-hanoi/;/faq/","VERIFIED_BUSINESS_ONLY","1863","NEW_ARTICLE","PUBLISHED","0","2026-10-06","100"
"SEO-018","https://app.rentbikehanoi.com/hanoi-motorbike-rental-cost/honda-click-rental-price-hanoi/","hanoi-motorbike-rental-cost/honda-click-rental-price-hanoi/index.html","Pricing","Rental Cost & Prices","CLUSTER","honda click rental price hanoi","Commercial investigation","1600","2600","P1","PUBLISHED","Verified Honda Click price cluster: 150,000 VND/day, 700,000 VND/week, 900,000-1,200,000 VND/month. Position as budget automatic; compare with Mio and Vision without inventing policies.","/hanoi-motorbike-rental-cost/;/hanoi-scooter-rental/;/monthly-motorbike-rental-hanoi/;/faq/","VERIFIED_BUSINESS_ONLY","1536","NEW_ARTICLE","PUBLISHED","0","2026-10-06","100"
"SEO-019","https://app.rentbikehanoi.com/hanoi-motorbike-rental-cost/honda-air-blade-rental-price-hanoi/","hanoi-motorbike-rental-cost/honda-air-blade-rental-price-hanoi/index.html","Pricing","Rental Cost & Prices","CLUSTER","honda air blade rental price hanoi","Commercial investigation","1600","2600","P1","PUBLISHED","Verified Honda Air Blade price cluster: 200,000 VND/day, 1,000,000 VND/week, 1,500,000 VND/month. Cover who the larger automatic suits and compare with Vision pricing.","/hanoi-motorbike-rental-cost/;/hanoi-scooter-rental/;/monthly-motorbike-rental-hanoi/;/faq/","VERIFIED_BUSINESS_ONLY","1512","NEW_ARTICLE","PUBLISHED","0","2026-10-06","100"
"SEO-020","https://app.rentbikehanoi.com/hanoi-motorbike-rental/yamaha-sirius-rental-hanoi/","hanoi-motorbike-rental/yamaha-sirius-rental-hanoi/index.html","Rentals","Hanoi Motorbike Rental Guide","CLUSTER","yamaha sirius rental hanoi","Commercial investigation","1600","2600","P1","PUBLISHED","Yamaha Sirius model cluster under the main rental guide: verified 150,000 VND/day, 700,000 VND/week, 900,000-1,200,000 VND/month. Explain semi-automatic riding and durability; no invented policies.","/hanoi-motorbike-rental/;/hanoi-motorbike-rental-cost/;/monthly-motorbike-rental-hanoi/","VERIFIED_BUSINESS_ONLY","1536","NEW_ARTICLE","PUBLISHED","0","2026-10-06","100"
"SEO-021","https://app.rentbikehanoi.com/hanoi-scooter-rental/electric-motorbike-rental-hanoi/","hanoi-scooter-rental/electric-motorbike-rental-hanoi/index.html","Scooter Rental","Hanoi Scooter Rental","CLUSTER","electric motorbike rental hanoi","Commercial investigation","1600","2600","P1","PUBLISHED","Electric motorbike cluster: verified 200,000 VND/day, 1,000,000 VND/week, 1,500,000 VND/month. Cover charging, range planning and who electric suits; no invented range claims or policies.","/hanoi-scooter-rental/;/hanoi-motorbike-rental-cost/;/motorbike-guides/","VERIFIED_BUSINESS_ONLY","1547","NEW_ARTICLE","PUBLISHED","0","2026-10-06","100"
"SEO-022","https://app.rentbikehanoi.com/monthly-motorbike-rental-hanoi/motorbike-rental-for-expats-hanoi/","monthly-motorbike-rental-hanoi/motorbike-rental-for-expats-hanoi/index.html","Long-Term Rental","Monthly Rental","CLUSTER","motorbike rental for expats in hanoi","Commercial investigation","1600","2600","P1","PUBLISHED","Expat-focused monthly rental cluster. Use verified monthly ranges (900,000-1,200,000 for 150k models, 1,500,000 Air Blade/electric, 1,800,000-2,000,000 Vision). Cautious on registration checks and documents; no invented requirements.","/monthly-motorbike-rental-hanoi/;/hanoi-motorbike-rental-cost/;/renting-a-motorbike-in-vietnam/;/faq/","VERIFIED_BUSINESS_PLUS_CAUTIOUS_GUIDANCE","1559","NEW_ARTICLE","PUBLISHED","0","2026-10-06","100"
"SEO-023","https://app.rentbikehanoi.com/hanoi-50cc-motorbike-rental/50cc-scooter-rental-for-beginners-hanoi/","hanoi-50cc-motorbike-rental/50cc-scooter-rental-for-beginners-hanoi/index.html","50cc Rental","50cc Motorbike Rental","CLUSTER","50cc scooter rental for beginners in hanoi","Informational / Commercial assist","1600","2600","P1","PUBLISHED","Beginner 50cc cluster: verified 200,000 VND/day for 50cc machines. Cover first-ride confidence, practice areas and cautious legal pointers without inventing license rules; 50cc day price only, no invented weekly/monthly.","/hanoi-50cc-motorbike-rental/;/hanoi-scooter-rental/;/motorbike-guides/","VERIFIED_BUSINESS_PLUS_CAUTIOUS_GUIDANCE","1567","NEW_ARTICLE","PUBLISHED","0","2026-10-06","100"
"SEO-024","https://app.rentbikehanoi.com/motorbike-rental-hanoi-old-quarter/motorbike-parking-old-quarter-hanoi/","motorbike-rental-hanoi-old-quarter/motorbike-parking-old-quarter-hanoi/index.html","Local Areas","Old Quarter & Areas","CLUSTER","motorbike parking in hanoi old quarter","Informational","1600","2600","P2","PUBLISHED","Old Quarter parking cluster: street parking customs, attended lots, sidewalk rules and caution about no-parking zones. No invented fee amounts; describe practices generally and advise checking locally.","/motorbike-rental-hanoi-old-quarter/;/motorbike-guides/;/hanoi-motorbike-rental/","VERIFIED_BUSINESS_PLUS_CAUTIOUS_GUIDANCE","1595","NEW_ARTICLE","PUBLISHED","0","2026-10-06","100"
"SEO-025","https://app.rentbikehanoi.com/hanoi-motorbike-trips/hanoi-to-ninh-binh-motorbike-route/","hanoi-motorbike-trips/hanoi-to-ninh-binh-motorbike-route/index.html","Trips & Travel","Hanoi Motorbike Trips","CLUSTER","hanoi to ninh binh motorbike","Informational / Commercial assist","1800","2800","P1","PUBLISHED","Ninh Binh route cluster: riding directions overview (CT.01/QL.1A direction), day-trip structure, stops such as Tam Coc, Trang An and Hoa Lu, and safety planning. General knowledge only, cautious and non-invented.","/hanoi-motorbike-trips/;/renting-a-motorbike-in-vietnam/;/hanoi-motorbike-rental/","VERIFIED_BUSINESS_PLUS_CAUTIOUS_GUIDANCE","1718","NEW_ARTICLE","PUBLISHED","0","2026-10-06","100"
"SEO-026","https://app.rentbikehanoi.com/motorbike-guides/motorbike-fuel-guide-hanoi/","motorbike-guides/motorbike-fuel-guide-hanoi/index.html","Guides","Motorbike Guides","CLUSTER","motorbike fuel in hanoi","Informational","1600","2600","P2","PUBLISHED","Fuel cluster: fuel station density in Hanoi, common fuel types at Vietnamese pumps, fueling etiquette and range planning for day trips. Cautious wording on fuel grades; no invented prices.","/motorbike-guides/;/renting-a-motorbike-in-vietnam/;/hanoi-motorbike-trips/","VERIFIED_BUSINESS_PLUS_CAUTIOUS_GUIDANCE","1583","NEW_ARTICLE","PUBLISHED","0","2026-10-06","100"
"SEO-027","https://app.rentbikehanoi.com/hanoi-motorbike-rental-cost/yamaha-mio-rental-price-hanoi/","hanoi-motorbike-rental-cost/yamaha-mio-rental-price-hanoi/index.html","Pricing","Rental Cost & Prices","CLUSTER","yamaha mio rental price hanoi","Commercial investigation","1600","2600","P1","PUBLISHED","Verified Yamaha Mio price cluster: 150,000 VND/day, 700,000 VND/week, 900,000-1,200,000 VND/month. Position as a light budget automatic for city riding; compare with the Honda Click without inventing availability, deposits or policies.","/hanoi-motorbike-rental-cost/;/hanoi-scooter-rental/;/monthly-motorbike-rental-hanoi/;/faq/","VERIFIED_BUSINESS_ONLY","1650","NEW_ARTICLE","PUBLISHED","0","2026-10-06","100"
"SEO-028","https://app.rentbikehanoi.com/hanoi-motorbike-rental/honda-wave-vs-yamaha-sirius-hanoi/","hanoi-motorbike-rental/honda-wave-vs-yamaha-sirius-hanoi/index.html","Rentals","Hanoi Motorbike Rental Guide","CLUSTER","honda wave vs yamaha sirius","Commercial investigation","1600","2600","P1","PUBLISHED","Comparison cluster of the two semi-automatic rentals, both verified at 150,000 VND/day, 700,000 VND/week, 900,000-1,200,000 VND/month. Compare gear shifting, rider fit and city behavior in general terms; no invented specifications or policies.","/hanoi-motorbike-rental/;/hanoi-motorbike-rental-cost/honda-wave-rental-price-hanoi/;/hanoi-motorbike-rental/yamaha-sirius-rental-hanoi/;/hanoi-motorbike-rental-cost/","VERIFIED_BUSINESS_ONLY","1505","NEW_ARTICLE","PUBLISHED","0","2026-10-06","100"
"SEO-029","https://app.rentbikehanoi.com/motorbike-guides/motorbike-helmet-guide-hanoi/","motorbike-guides/motorbike-helmet-guide-hanoi/index.html","Guides","Motorbike Guides","CLUSTER","motorbike helmet guide hanoi","Informational","1600","2600","P2","PUBLISHED","Helmet and gear awareness cluster: why a proper helmet matters in Hanoi traffic, how to check the fit of a rental helmet, when it makes sense to buy your own, and general gear habits. Describe practices generally; do not invent stock, brands or prices, and refer readers to us for specifics.","/motorbike-guides/;/hanoi-motorbike-rental/how-to-rent-a-motorbike-in-hanoi/;/renting-a-motorbike-in-vietnam/","VERIFIED_BUSINESS_PLUS_CAUTIOUS_GUIDANCE","1690","NEW_ARTICLE","PUBLISHED","0","2026-10-06","100"
"SEO-030","https://app.rentbikehanoi.com/motorbike-guides/motorbike-maintenance-checklist-hanoi/","motorbike-guides/motorbike-maintenance-checklist-hanoi/index.html","Guides","Motorbike Guides","CLUSTER","motorbike maintenance checklist hanoi","Informational","1600","2600","P2","PUBLISHED","Renter-focused maintenance awareness cluster: pre-ride checks for tires, brakes, lights, horn and fuel; what a renter should flag to us versus ignore; and how to treat a rental bike with respect. Frame as practical checks; never invent service intervals, policies or procedures.","/motorbike-guides/;/hanoi-motorbike-rental/how-to-rent-a-motorbike-in-hanoi/;/faq/","VERIFIED_BUSINESS_PLUS_CAUTIOUS_GUIDANCE","1739","NEW_ARTICLE","PUBLISHED","0","2026-10-06","100"
"SEO-031","https://app.rentbikehanoi.com/hanoi-motorbike-trips/hanoi-to-ba-vi-motorbike-route/","hanoi-motorbike-trips/hanoi-to-ba-vi-motorbike-route/index.html","Trips & Travel","Hanoi Motorbike Trips","CLUSTER","hanoi to ba vi motorbike","Informational / Commercial assist","1800","2800","P2","PUBLISHED","Ba Vi route cluster: riding direction west of Hanoi, day-trip structure, foothill and national park character, and the nearby Duong Lam ancient village as a stop. General knowledge only, cautious and non-invented; no fabricated distances or opening details.","/hanoi-motorbike-trips/;/renting-a-motorbike-in-vietnam/;/hanoi-motorbike-rental-cost/","VERIFIED_BUSINESS_PLUS_CAUTIOUS_GUIDANCE","1871","NEW_ARTICLE","PUBLISHED","0","2026-10-06","100"
"SEO-032","https://app.rentbikehanoi.com/hanoi-motorbike-trips/hanoi-to-perfume-pagoda-motorbike-route/","hanoi-motorbike-trips/hanoi-to-perfume-pagoda-motorbike-route/index.html","Trips & Travel","Hanoi Motorbike Trips","CLUSTER","hanoi to perfume pagoda motorbike","Informational / Commercial assist","1800","2800","P2","PUBLISHED","Perfume Pagoda route cluster: riding direction southwest of Hanoi, day-trip structure, and what to expect at the site in general terms including the boat and temple complex character. General knowledge only, cautious and non-invented.","/hanoi-motorbike-trips/;/renting-a-motorbike-in-vietnam/;/hanoi-motorbike-rental/","VERIFIED_BUSINESS_PLUS_CAUTIOUS_GUIDANCE","1868","NEW_ARTICLE","PUBLISHED","0","2026-10-06","100"
"SEO-033","https://app.rentbikehanoi.com/motorbike-rental-hanoi-old-quarter/west-lake-motorbike-ride-hanoi/","motorbike-rental-hanoi-old-quarter/west-lake-motorbike-ride-hanoi/index.html","Local Areas","Old Quarter & Areas","CLUSTER","west lake motorbike ride hanoi","Informational","1600","2600","P2","PUBLISHED","West Lake riding cluster: the loop around Tay Ho, connecting from the Old Quarter, traffic character by section, and stops in general terms. Cross-link parking habits; no invented fees, and describe practices generally.","/motorbike-rental-hanoi-old-quarter/;/motorbike-rental-hanoi-old-quarter/motorbike-parking-old-quarter-hanoi/;/motorbike-guides/","VERIFIED_BUSINESS_PLUS_CAUTIOUS_GUIDANCE","1785","NEW_ARTICLE","PUBLISHED","0","2026-10-06","100"
"SEO-034","https://app.rentbikehanoi.com/renting-a-motorbike-in-vietnam/motorbike-license-vietnam-tourists/","renting-a-motorbike-in-vietnam/motorbike-license-vietnam-tourists/index.html","Vietnam Rental Guide","Renting a Motorbike in Vietnam","CLUSTER","motorbike license vietnam tourists","Informational","1600","2600","P1","PUBLISHED","Tourist license awareness cluster: why license questions matter, general license categories, and why requirements must be verified with official sources rather than forums. Cautious wording only; no definitive legal claims, and direct readers to ask us and official channels.","/renting-a-motorbike-in-vietnam/;/hanoi-motorbike-rental/how-to-rent-a-motorbike-in-hanoi/;/faq/","VERIFIED_BUSINESS_PLUS_CAUTIOUS_GUIDANCE","1841","NEW_ARTICLE","PUBLISHED","0","2026-10-06","100"
"SEO-035","https://app.rentbikehanoi.com/motorbike-guides/riding-a-motorbike-in-hanoi-rainy-season/","motorbike-guides/riding-a-motorbike-in-hanoi-rainy-season/index.html","Guides","Motorbike Guides","CLUSTER","riding a motorbike in hanoi rainy season","Informational","1600","2600","P2","PUBLISHED","Rainy season riding cluster: what Hanoi rain feels like for riders, longer braking distances, visibility habits, wet paint and metal surfaces, gear choices and when to simply stop for coffee. Cautious practical guidance; no invented statistics or policies.","/motorbike-guides/;/renting-a-motorbike-in-vietnam/;/hanoi-motorbike-rental/","VERIFIED_BUSINESS_PLUS_CAUTIOUS_GUIDANCE","2006","NEW_ARTICLE","PUBLISHED","0","2026-10-06","100"
"SEO-036","https://app.rentbikehanoi.com/hanoi-scooter-rental/scooter-vs-semi-automatic-hanoi/","hanoi-scooter-rental/scooter-vs-semi-automatic-hanoi/index.html","Scooter Rental","Hanoi Scooter Rental","CLUSTER","scooter vs semi automatic hanoi","Informational / Commercial assist","1600","2600","P1","PUBLISHED","Comparison cluster between automatic scooters and semi-automatic bikes: how each transmits power, which suits beginners, traffic behavior, and model examples with verified prices (150,000 VND/day tier and the premium automatics). No invented policies.","/hanoi-scooter-rental/;/hanoi-motorbike-rental/yamaha-sirius-rental-hanoi/;/hanoi-motorbike-rental-cost/;/hanoi-50cc-motorbike-rental/","VERIFIED_BUSINESS_ONLY","1828","NEW_ARTICLE","PUBLISHED","0","2026-10-06","100"
"SEO-037","https://app.rentbikehanoi.com/hanoi-scooter-rental/honda-vision-vs-air-blade-hanoi/","hanoi-scooter-rental/honda-vision-vs-air-blade-hanoi/index.html","Scooter Rental","Hanoi Scooter Rental","CLUSTER","honda vision vs air blade","Commercial investigation","1600","2600","P1","PLANNED_NEW","Comparison of the two premium automatics: verified Honda Vision rates of 200,000 VND/day, 1,000,000 VND/week and 1,800,000-2,000,000 VND/month against Honda Air Blade rates of 200,000 VND/day, 1,000,000 VND/week and 1,500,000 VND/month. Compare comfort and monthly arithmetic; no invented policies.","/hanoi-scooter-rental/;/hanoi-motorbike-rental-cost/honda-vision-rental-price-hanoi/;/hanoi-motorbike-rental-cost/honda-air-blade-rental-price-hanoi/;/hanoi-motorbike-rental-cost/","VERIFIED_BUSINESS_ONLY","","NEW_ARTICLE","PLANNED","0","",""
"SEO-038","https://app.rentbikehanoi.com/motorbike-rental-hanoi-old-quarter/hoan-kiem-lake-riding-hanoi/","motorbike-rental-hanoi-old-quarter/hoan-kiem-lake-riding-hanoi/index.html","Local Areas","Old Quarter & Areas","CLUSTER","hoan kiem lake motorbike","Informational","1600","2600","P2","PLANNED_NEW","Hoan Kiem riding cluster: the lake loop, the Old Quarter core streets, weekend pedestrian arrangements to verify on the day, and parking caution in the densest part of the city. Describe practices generally; no invented fees or schedules.","/motorbike-rental-hanoi-old-quarter/;/motorbike-rental-hanoi-old-quarter/motorbike-parking-old-quarter-hanoi/;/motorbike-rental-hanoi-old-quarter/west-lake-motorbike-ride-hanoi/","VERIFIED_BUSINESS_PLUS_CAUTIOUS_GUIDANCE","","NEW_ARTICLE","PLANNED","0","",""
"SEO-039","https://app.rentbikehanoi.com/motorbike-guides/motorbike-night-riding-hanoi/","motorbike-guides/motorbike-night-riding-hanoi/index.html","Guides","Motorbike Guides","CLUSTER","riding a motorbike at night in hanoi","Informational","1600","2600","P2","PLANNED_NEW","Night riding cluster: how Hanoi riding changes after dark, lighting and visibility habits, reading unfamiliar streets, avoiding unlit hazards, and when to simply leave the bike parked. Cautious practical guidance; no invented statistics.","/motorbike-guides/;/motorbike-guides/riding-a-motorbike-in-hanoi-rainy-season/;/hanoi-motorbike-rental/","VERIFIED_BUSINESS_PLUS_CAUTIOUS_GUIDANCE","","NEW_ARTICLE","PLANNED","0","",""
"SEO-040","https://app.rentbikehanoi.com/motorbike-rental-hanoi-old-quarter/long-bien-bridge-motorbike-guide-hanoi/","motorbike-rental-hanoi-old-quarter/long-bien-bridge-motorbike-guide-hanoi/index.html","Local Areas","Old Quarter & Areas","CLUSTER","long bien bridge motorbike","Informational","1600","2600","P2","PLANNED_NEW","Long Bien Bridge riding cluster: the bridge's role in Hanoi riding, river and Old Quarter approaches, surface and traffic character, and how it connects the Long Bien side with the center. General knowledge only, cautious and non-invented.","/motorbike-rental-hanoi-old-quarter/;/motorbike-rental-hanoi-old-quarter/west-lake-motorbike-ride-hanoi/;/motorbike-guides/","VERIFIED_BUSINESS_PLUS_CAUTIOUS_GUIDANCE","","NEW_ARTICLE","PLANNED","0","",""
"SEO-041","https://app.rentbikehanoi.com/hanoi-motorbike-trips/long-distance-motorbike-trip-planning/","hanoi-motorbike-trips/long-distance-motorbike-trip-planning/index.html","Trips & Travel","Hanoi Motorbike Trips","CLUSTER","long distance motorbike trip vietnam","Informational / Commercial assist","1800","2800","P2","PLANNED_NEW","Long-distance planning cluster: how to plan multi-day and long rides from Hanoi, distance budgeting, rest discipline, bike choice and the honest line between a big day out and a genuinely long trip. Cautious and non-invented; no fabricated route times.","/hanoi-motorbike-trips/;/renting-a-motorbike-in-vietnam/;/motorbike-guides/","VERIFIED_BUSINESS_PLUS_CAUTIOUS_GUIDANCE","","NEW_ARTICLE","PLANNED","0","",""
"SEO-042","https://app.rentbikehanoi.com/hanoi-motorbike-for-sale/buying-a-used-motorbike-hanoi/","hanoi-motorbike-for-sale/buying-a-used-motorbike-hanoi/index.html","Buying vs Renting","Hanoi Motorbike For Sale","CLUSTER","buying a used motorbike in hanoi","Informational","1600","2600","P2","PLANNED_NEW","Used-motorbike buying cluster: the buy-versus-rent decision for long stays, what to inspect on a used bike, paperwork and ownership transfer topics to verify with official sources, and why many expats rent monthly instead. No invented prices or procedures.","/hanoi-motorbike-for-sale/;/hanoi-motorbike-rental-cost/;/monthly-motorbike-rental-hanoi/","VERIFIED_BUSINESS_PLUS_CAUTIOUS_GUIDANCE","","NEW_ARTICLE","PLANNED","0","",""
"SEO-043","https://app.rentbikehanoi.com/renting-a-motorbike-in-vietnam/motorbike-rental-scams-vietnam/","renting-a-motorbike-in-vietnam/motorbike-rental-scams-vietnam/index.html","Vietnam Rental Guide","Renting a Motorbike in Vietnam","CLUSTER","motorbike rental scams vietnam","Informational","1600","2600","P1","PLANNED_NEW","Rental-scam awareness cluster: commonly reported problems such as unclear damage liability, document disputes and phantom fees, described generally; the habits that prevent them, including photos at pickup, written terms and choosing established shops. Never accuse anyone or invent incidents.","/renting-a-motorbike-in-vietnam/;/hanoi-motorbike-rental/how-to-rent-a-motorbike-in-hanoi/;/faq/","VERIFIED_BUSINESS_PLUS_CAUTIOUS_GUIDANCE","","NEW_ARTICLE","PLANNED","0","",""
"SEO-044","https://app.rentbikehanoi.com/motorbike-guides/riding-a-motorbike-in-hanoi-winter/","motorbike-guides/riding-a-motorbike-in-hanoi-winter/index.html","Guides","Motorbike Guides","CLUSTER","riding a motorbike in hanoi winter","Informational","1600","2600","P2","PLANNED_NEW","Winter riding cluster: Hanoi's cool-season character, layering without bulk, cold-morning grip and visibility, and how winter riding differs from the rainy-season habits. Cautious practical guidance; no invented statistics.","/motorbike-guides/;/motorbike-guides/riding-a-motorbike-in-hanoi-rainy-season/;/hanoi-motorbike-rental/","VERIFIED_BUSINESS_PLUS_CAUTIOUS_GUIDANCE","","NEW_ARTICLE","PLANNED","0","",""
"SEO-045","https://app.rentbikehanoi.com/renting-a-motorbike-in-vietnam/riding-a-motorbike-with-a-child-in-vietnam/","renting-a-motorbike-in-vietnam/riding-a-motorbike-with-a-child-in-vietnam/index.html","Vietnam Rental Guide","Renting a Motorbike in Vietnam","CLUSTER","riding a motorbike with a child in vietnam","Informational","1600","2600","P1","PLANNED_NEW","Family riding awareness cluster: child helmets and fit, why requirements for carrying children must be verified with official sources, practical alternatives for families, and what to ask us before riding with a child. Cautious wording only; no invented rules or policies.","/renting-a-motorbike-in-vietnam/;/motorbike-guides/motorbike-helmet-guide-hanoi/;/faq/","VERIFIED_BUSINESS_PLUS_CAUTIOUS_GUIDANCE","","NEW_ARTICLE","PLANNED","0","",""
"SEO-046","https://app.rentbikehanoi.com/renting-a-motorbike-in-vietnam/riding-hanoi-vs-ho-chi-minh-city/","renting-a-motorbike-in-vietnam/riding-hanoi-vs-ho-chi-minh-city/index.html","Vietnam Rental Guide","Renting a Motorbike in Vietnam","CLUSTER","riding hanoi vs ho chi minh city","Informational","1600","2600","P2","PLANNED_NEW","City-comparison cluster: how riding in Hanoi and Ho Chi Minh City differ in traffic texture, street geometry and rider rhythm, and what that means for visitors riding in both. General knowledge only, neutral and non-invented.","/renting-a-motorbike-in-vietnam/;/hanoi-motorbike-rental/;/motorbike-guides/","VERIFIED_BUSINESS_PLUS_CAUTIOUS_GUIDANCE","","NEW_ARTICLE","PLANNED","0","",""
