"id","url","path","silo","hub","primary_keyword","intent","title","h1","word_count","current_body_internal_links","seo_status","priority","next_action","link_action","canonical_domain","workflow_status","target_min_words","target_max_words","content_role","content_plan_status"
"SEO-001","https://app.rentbikehanoi.com/","index.html","Commercial Core","Homepage","hanoi motorbike rental","Transactional / Commercial","Hanoi Motorbike Rental | Scooter & 50cc Motorbike Hire","Hanoi Motorbike Rental","1793","10","STRONG_BASELINE","P0","Monitor cannibalization; strengthen only with genuinely useful content and entity/local signals.","Keep existing body links; later workflow audits relevance, anchor diversity and hub flow.","https://app.rentbikehanoi.com","BASELINED_CURRENT_STATE","1800","2500","ROOT_HUB","BASELINE_EXPANDED"
"SEO-002","https://app.rentbikehanoi.com/hanoi-motorbike-rental/","hanoi-motorbike-rental/index.html","Rentals","Hanoi Motorbike Rental Guide","hanoi motorbike rental guide","Commercial investigation / Informational","Hanoi Motorbike Rental Guide | Models, Prices & How to Rent","Hanoi Motorbike Rental Guide","1962","10","STRONG_BASELINE","P0","Protect intent separation from homepage; add clusters only when they answer distinct search intent.","Keep current links; later workflow checks upward links to homepage and downward links to rental clusters.","https://app.rentbikehanoi.com","BASELINED_CURRENT_STATE","2200","3200","HUB","BASELINE_EXPANDED"
"SEO-003","https://app.rentbikehanoi.com/hanoi-motorbike-rental/how-to-rent-a-motorbike-in-hanoi/","hanoi-motorbike-rental/how-to-rent-a-motorbike-in-hanoi/index.html","Rentals","Hanoi Motorbike Rental Guide","how to rent a motorbike in hanoi","Informational","How to Rent a Motorbike in Hanoi: Step-by-Step Guide","How to Rent a Motorbike in Hanoi","1548","12","GOOD_BASELINE","P1","Add clearer step-by-step practical detail only if useful; review anchor concentration.","Later workflow checks whether 12 body links are all contextually necessary and reduces repetition if needed.","https://app.rentbikehanoi.com","BASELINED_CURRENT_STATE","1800","2600","CLUSTER","BASELINE_EXPANDED"
"SEO-004","https://app.rentbikehanoi.com/hanoi-50cc-motorbike-rental/","hanoi-50cc-motorbike-rental/index.html","50cc Rental","50cc Motorbike Rental","50cc motorbike rental hanoi","Transactional / Commercial investigation","50cc Motorbike Rental Hanoi | Rent a 50cc Scooter","50cc Motorbike Rental in Hanoi","1549","10","GOOD_BASELINE","P1","Preserve verified pricing; expand only around distinct 50cc rental questions and current legal caveats.","Keep current links; later workflow audits links to price, FAQ, scooter and main rental hub.","https://app.rentbikehanoi.com","BASELINED_CURRENT_STATE","1800","2600","HUB","BASELINE_EXPANDED"
"SEO-005","https://app.rentbikehanoi.com/hanoi-scooter-rental/","hanoi-scooter-rental/index.html","Scooter Rental","Hanoi Scooter Rental","hanoi scooter rental","Transactional / Commercial investigation","Hanoi Scooter Rental | Automatic Scooter Hire in Hanoi","Hanoi Scooter Rental","1639","11","EXPAND","P1","Expand useful model-comparison and rider-fit sections; avoid duplicating price hub.","Later workflow audits 11 body links for relevance and anchor diversity.","https://app.rentbikehanoi.com","BASELINED_CURRENT_STATE","1800","2600","HUB","BASELINE_EXPANDED"
"SEO-006","https://app.rentbikehanoi.com/hanoi-motorbike-rental-cost/","hanoi-motorbike-rental-cost/index.html","Pricing","Rental Cost & Prices","hanoi motorbike rental cost","Commercial investigation","Hanoi Motorbike Rental Cost & Prices | Daily, Weekly, Monthly","Hanoi Motorbike Rental Cost & Prices","1581","9","STRONG_BASELINE","P0","Keep as pricing source of truth; add model price clusters only where search intent is distinct.","Keep existing contextual links; later workflow validates links to monthly, scooter, 50cc and FAQ.","https://app.rentbikehanoi.com","BASELINED_CURRENT_STATE","1800","2400","HUB","BASELINE_EXPANDED"
"SEO-007","https://app.rentbikehanoi.com/hanoi-motorbike-rental-cost/honda-vision-rental-price-hanoi/","hanoi-motorbike-rental-cost/honda-vision-rental-price-hanoi/index.html","Pricing","Rental Cost & Prices","honda vision rental price hanoi","Commercial investigation","Honda Vision Rental in Hanoi: Price & Guide","Honda Vision Rental Price in Hanoi","1491","8","GOOD_BASELINE","P2","Add comparison/context only if unique versus scooter and price hubs; do not duplicate price table.","Keep current links; later workflow checks parent-hub link prominence.","https://app.rentbikehanoi.com","BASELINED_CURRENT_STATE","1500","2200","CLUSTER","BASELINE_EXPANDED"
"SEO-008","https://app.rentbikehanoi.com/monthly-motorbike-rental-hanoi/","monthly-motorbike-rental-hanoi/index.html","Long-Term Rental","Monthly Rental","monthly motorbike rental hanoi","Transactional / Commercial investigation","Monthly Motorbike Rental Hanoi | Long-Term Motorbike Hire","Monthly Motorbike Rental in Hanoi","1558","8","GOOD_BASELINE","P1","Expand long-term planning, maintenance expectations and model fit without inventing policy.","Keep current links; later workflow checks links to price hub, FAQ and main rental hub.","https://app.rentbikehanoi.com","BASELINED_CURRENT_STATE","1800","2600","HUB","BASELINE_EXPANDED"
"SEO-009","https://app.rentbikehanoi.com/motorbike-rental-hanoi-old-quarter/","motorbike-rental-hanoi-old-quarter/index.html","Local Areas","Old Quarter & Areas","motorbike rental hanoi old quarter","Local commercial investigation","Motorbike Rental Hanoi Old Quarter | Rent Near the Old Quarter","Motorbike Rental Hanoi Old Quarter","1605","6","EXPAND","P1","Expand location/access/parking context and clarify Long Bien pickup relationship; no fake delivery promises.","Current count is healthy; later workflow improves anchors and hub connections.","https://app.rentbikehanoi.com","BASELINED_CURRENT_STATE","1800","2600","HUB","BASELINE_EXPANDED"
"SEO-010","https://app.rentbikehanoi.com/hanoi-motorbike-trips/","hanoi-motorbike-trips/index.html","Trips & Travel","Hanoi Motorbike Trips","hanoi motorbike trips","Informational / Commercial assist","Hanoi Motorbike Trips | Day Trips & Routes from Hanoi","Hanoi Motorbike Trips & Routes","1800","6","EXPAND","P1","Expand route-planning hub, then create distinct route clusters for destinations with unique intent.","Keep 6 links; later workflow strengthens links back to rental, safety and relevant route clusters.","https://app.rentbikehanoi.com","BASELINED_CURRENT_STATE","2200","3500","HUB","BASELINE_EXPANDED"
"SEO-011","https://app.rentbikehanoi.com/motorbike-guides/","motorbike-guides/index.html","Guides","Motorbike Guides","motorbike guides hanoi vietnam","Informational","Motorbike Guides | Safety, Parking, Fuel & Maintenance","Motorbike Guides: Safety, Parking, Fuel & Maintenance","1589","6","EXPAND","P1","Expand as a true guide hub and create distinct safety, parking, fuel and maintenance clusters.","Keep current links; later workflow adds only context-relevant cluster links.","https://app.rentbikehanoi.com","BASELINED_CURRENT_STATE","2200","3500","HUB","BASELINE_EXPANDED"
"SEO-012","https://app.rentbikehanoi.com/renting-a-motorbike-in-vietnam/","renting-a-motorbike-in-vietnam/index.html","Vietnam Rental Guide","Renting in Vietnam","renting a motorbike in vietnam","Informational","Renting a Motorbike in Vietnam | Complete Rental Guide","Renting a Motorbike in Vietnam","2154","6","EXPAND","P1","Expand with current-source legal/safety planning; keep claims cautious and sourceable.","Keep 6 links; later workflow connects legal/safety clusters and Hanoi commercial pages naturally.","https://app.rentbikehanoi.com","BASELINED_CURRENT_STATE","2500","4000","HUB","BASELINE_EXPANDED"
"SEO-013","https://app.rentbikehanoi.com/hanoi-motorbike-for-sale/","hanoi-motorbike-for-sale/index.html","Buying vs Renting","Buying vs Renting","hanoi motorbike for sale","Informational comparison","Hanoi Motorbike for Sale: Buying vs Renting a Motorbike","Hanoi Motorbike for Sale: Buying vs Renting","1619","6","EXPAND","P2","Expand buy-vs-rent decision content; never imply bikes are for sale unless verified.","Keep current links; later workflow strengthens comparison links to monthly rental and price hub.","https://app.rentbikehanoi.com","BASELINED_CURRENT_STATE","1800","2600","HUB","BASELINE_EXPANDED"
"SEO-014","https://app.rentbikehanoi.com/faq/","faq/index.html","FAQ / AI Search","FAQ","hanoi motorbike rental faq","Informational / Answer engine","Hanoi Motorbike Rental FAQ | Prices, 50cc & Monthly Hire","Hanoi Motorbike Rental FAQ","2194","6","STRONG_BASELINE","P0","Maintain factual consistency with verified prices/business data; add questions only when genuinely useful.","Keep concise contextual links; later workflow checks answer-to-hub routing and avoids repetitive anchors.","https://app.rentbikehanoi.com","BASELINED_CURRENT_STATE","2200","3500","ANSWER_HUB","HOLD_STRONG"
"SEO-015","https://app.rentbikehanoi.com/privacy-policy.html","privacy-policy.html","Legal","Company","privacy policy","Navigational / Trust","Privacy Policy | Hanoi Motorbike Rental","Privacy Policy","215","5","COMPLETE_LEGAL","P3","No SEO expansion needed; update only when privacy practices change.","Keep current 5 useful internal links.","https://app.rentbikehanoi.com","BASELINED_CURRENT_STATE","200","800","LEGAL","HOLD_LEGAL"
"SEO-016","https://app.rentbikehanoi.com/terms-of-use.html","terms-of-use.html","Legal","Company","terms of use","Navigational / Trust","Terms of Use | Hanoi Motorbike Rental","Terms of Use","180","5","COMPLETE_LEGAL","P3","No SEO expansion needed; update only when terms change.","Keep current 5 useful internal links.","https://app.rentbikehanoi.com","BASELINED_CURRENT_STATE","200","800","LEGAL","HOLD_LEGAL"
